{
  "metadata": {
    "label_path": "dataset/gsm8k_labeled_training_data_strict_boxed.pt",
    "label_key": "label",
    "classifier": "logreg",
    "random_state": 55,
    "test_size": 0.2,
    "train_chunks": 5533,
    "test_chunks": 1454,
    "train_questions": 240,
    "test_questions": 60,
    "trigger_rates": [
      0.05,
      0.1,
      0.2
    ]
  },
  "results": [
    {
      "signal": "entropy",
      "feature_spec": "final_entropy",
      "model": "raw_score",
      "feature_dim": 1,
      "error_roc_auc": 0.4426262720055375,
      "error_pr_auc": 0.11323801853738343,
      "best_error_f1": 0.23237597911227154,
      "best_error_precision": 0.13234200743494423,
      "best_error_recall": 0.9518716577540107,
      "best_threshold": 1.610127765161451e-05,
      "recall_at_trigger_0p05": 0.0374331550802139,
      "precision_at_trigger_0p05": 0.0958904109589041,
      "recall_at_trigger_0p1": 0.0748663101604278,
      "precision_at_trigger_0p1": 0.0958904109589041,
      "recall_at_trigger_0p2": 0.1497326203208556,
      "precision_at_trigger_0p2": 0.09621993127147767,
      "label_path": "dataset/gsm8k_labeled_training_data_strict_boxed.pt",
      "label_key": "label",
      "classifier": "logreg",
      "random_state": 55,
      "test_size": 0.2,
      "train_chunks": 5533,
      "test_chunks": 1454,
      "train_questions": 240,
      "test_questions": 60,
      "trigger_rates": [
        0.05,
        0.1,
        0.2
      ]
    },
    {
      "signal": "neg_top1_prob",
      "feature_spec": "final_top1_prob",
      "model": "raw_score",
      "feature_dim": 1,
      "error_roc_auc": 0.4422421906984793,
      "error_pr_auc": 0.11201667265424126,
      "best_error_f1": 0.23261858349577647,
      "best_error_precision": 0.13239644970414202,
      "best_error_recall": 0.9572192513368984,
      "best_threshold": -0.9999991655349731,
      "recall_at_trigger_0p05": 0.0427807486631016,
      "precision_at_trigger_0p05": 0.1095890410958904,
      "recall_at_trigger_0p1": 0.0748663101604278,
      "precision_at_trigger_0p1": 0.0958904109589041,
      "recall_at_trigger_0p2": 0.1497326203208556,
      "precision_at_trigger_0p2": 0.09621993127147767,
      "label_path": "dataset/gsm8k_labeled_training_data_strict_boxed.pt",
      "label_key": "label",
      "classifier": "logreg",
      "random_state": 55,
      "test_size": 0.2,
      "train_chunks": 5533,
      "test_chunks": 1454,
      "train_questions": 240,
      "test_questions": 60,
      "trigger_rates": [
        0.05,
        0.1,
        0.2
      ]
    },
    {
      "signal": "neg_margin",
      "feature_spec": "final_margin",
      "model": "raw_score",
      "feature_dim": 1,
      "error_roc_auc": 0.44151834515825417,
      "error_pr_auc": 0.11271460677772983,
      "best_error_f1": 0.23322475570032578,
      "best_error_precision": 0.1327893175074184,
      "best_error_recall": 0.9572192513368984,
      "best_threshold": -0.9999986886978149,
      "recall_at_trigger_0p05": 0.03208556149732621,
      "precision_at_trigger_0p05": 0.0821917808219178,
      "recall_at_trigger_0p1": 0.06417112299465241,
      "precision_at_trigger_0p1": 0.0821917808219178,
      "recall_at_trigger_0p2": 0.1443850267379679,
      "precision_at_trigger_0p2": 0.09278350515463918,
      "label_path": "dataset/gsm8k_labeled_training_data_strict_boxed.pt",
      "label_key": "label",
      "classifier": "logreg",
      "random_state": 55,
      "test_size": 0.2,
      "train_chunks": 5533,
      "test_chunks": 1454,
      "train_questions": 240,
      "test_questions": 60,
      "trigger_rates": [
        0.05,
        0.1,
        0.2
      ]
    },
    {
      "signal": "boundary_logreg",
      "feature_spec": "boundary",
      "model": "logreg",
      "feature_dim": 1536,
      "error_roc_auc": 0.6022394894673088,
      "error_pr_auc": 0.1900451219412773,
      "best_error_f1": 0.25921521997621877,
      "best_error_precision": 0.16666666666666666,
      "best_error_recall": 0.5828877005347594,
      "best_threshold": 0.0014548738680598668,
      "recall_at_trigger_0p05": 0.09090909090909091,
      "precision_at_trigger_0p05": 0.2328767123287671,
      "recall_at_trigger_0p1": 0.19786096256684493,
      "precision_at_trigger_0p1": 0.2534246575342466,
      "recall_at_trigger_0p2": 0.3155080213903743,
      "precision_at_trigger_0p2": 0.2027491408934708,
      "label_path": "dataset/gsm8k_labeled_training_data_strict_boxed.pt",
      "label_key": "label",
      "classifier": "logreg",
      "random_state": 55,
      "test_size": 0.2,
      "train_chunks": 5533,
      "test_chunks": 1454,
      "train_questions": 240,
      "test_questions": 60,
      "trigger_rates": [
        0.05,
        0.1,
        0.2
      ]
    },
    {
      "signal": "mean_logreg",
      "feature_spec": "mean",
      "model": "logreg",
      "feature_dim": 1536,
      "error_roc_auc": 0.613276551203103,
      "error_pr_auc": 0.21814368881678547,
      "best_error_f1": 0.2808988764044944,
      "best_error_precision": 0.21613832853025935,
      "best_error_recall": 0.40106951871657753,
      "best_threshold": 0.054373018349363124,
      "recall_at_trigger_0p05": 0.13368983957219252,
      "precision_at_trigger_0p05": 0.3424657534246575,
      "recall_at_trigger_0p1": 0.21390374331550802,
      "precision_at_trigger_0p1": 0.273972602739726,
      "recall_at_trigger_0p2": 0.34759358288770054,
      "precision_at_trigger_0p2": 0.22336769759450173,
      "label_path": "dataset/gsm8k_labeled_training_data_strict_boxed.pt",
      "label_key": "label",
      "classifier": "logreg",
      "random_state": 55,
      "test_size": 0.2,
      "train_chunks": 5533,
      "test_chunks": 1454,
      "train_questions": 240,
      "test_questions": 60,
      "trigger_rates": [
        0.05,
        0.1,
        0.2
      ]
    },
    {
      "signal": "boundary+mean_logreg",
      "feature_spec": "boundary+mean",
      "model": "logreg",
      "feature_dim": 3072,
      "error_roc_auc": 0.628795968412478,
      "error_pr_auc": 0.23236220141185576,
      "best_error_f1": 0.29836829836829837,
      "best_error_precision": 0.2644628099173554,
      "best_error_recall": 0.3422459893048128,
      "best_threshold": 0.1403846876146641,
      "recall_at_trigger_0p05": 0.1497326203208556,
      "precision_at_trigger_0p05": 0.3835616438356164,
      "recall_at_trigger_0p1": 0.23529411764705882,
      "precision_at_trigger_0p1": 0.3013698630136986,
      "recall_at_trigger_0p2": 0.3689839572192513,
      "precision_at_trigger_0p2": 0.23711340206185566,
      "label_path": "dataset/gsm8k_labeled_training_data_strict_boxed.pt",
      "label_key": "label",
      "classifier": "logreg",
      "random_state": 55,
      "test_size": 0.2,
      "train_chunks": 5533,
      "test_chunks": 1454,
      "train_questions": 240,
      "test_questions": 60,
      "trigger_rates": [
        0.05,
        0.1,
        0.2
      ]
    }
  ]
}