{
  "metadata": {
    "label_path": "dataset/math500_labeled_data_strict_hf_t2048.pt",
    "label_key": "label",
    "classifier": "logreg",
    "random_state": 55,
    "test_size": 0.2,
    "train_chunks": 14774,
    "test_chunks": 3525,
    "train_questions": 400,
    "test_questions": 100,
    "trigger_rates": [
      0.05,
      0.1,
      0.2
    ]
  },
  "results": [
    {
      "signal": "entropy",
      "feature_spec": "final_entropy",
      "model": "raw_score",
      "feature_dim": 1,
      "error_roc_auc": 0.543816703560883,
      "error_pr_auc": 0.24209458303985584,
      "best_error_f1": 0.373134328358209,
      "best_error_precision": 0.23792738808600636,
      "best_error_recall": 0.8642765685019206,
      "best_threshold": 4.703857484855689e-06,
      "recall_at_trigger_0p05": 0.05761843790012804,
      "precision_at_trigger_0p05": 0.2542372881355932,
      "recall_at_trigger_0p1": 0.10115236875800256,
      "precision_at_trigger_0p1": 0.2237960339943343,
      "recall_at_trigger_0p2": 0.2023047375160051,
      "precision_at_trigger_0p2": 0.22411347517730495,
      "label_path": "dataset/math500_labeled_data_strict_hf_t2048.pt",
      "label_key": "label",
      "classifier": "logreg",
      "random_state": 55,
      "test_size": 0.2,
      "train_chunks": 14774,
      "test_chunks": 3525,
      "train_questions": 400,
      "test_questions": 100,
      "trigger_rates": [
        0.05,
        0.1,
        0.2
      ]
    },
    {
      "signal": "neg_top1_prob",
      "feature_spec": "final_top1_prob",
      "model": "raw_score",
      "feature_dim": 1,
      "error_roc_auc": 0.5419987457210798,
      "error_pr_auc": 0.23584603734001297,
      "best_error_f1": 0.3704720087815587,
      "best_error_precision": 0.2357666783094656,
      "best_error_recall": 0.8642765685019206,
      "best_threshold": -0.9999997615814209,
      "recall_at_trigger_0p05": 0.04481434058898848,
      "precision_at_trigger_0p05": 0.1977401129943503,
      "recall_at_trigger_0p1": 0.0973111395646607,
      "precision_at_trigger_0p1": 0.21529745042492918,
      "recall_at_trigger_0p2": 0.1997439180537772,
      "precision_at_trigger_0p2": 0.22127659574468084,
      "label_path": "dataset/math500_labeled_data_strict_hf_t2048.pt",
      "label_key": "label",
      "classifier": "logreg",
      "random_state": 55,
      "test_size": 0.2,
      "train_chunks": 14774,
      "test_chunks": 3525,
      "train_questions": 400,
      "test_questions": 100,
      "trigger_rates": [
        0.05,
        0.1,
        0.2
      ]
    },
    {
      "signal": "neg_margin",
      "feature_spec": "final_margin",
      "model": "raw_score",
      "feature_dim": 1,
      "error_roc_auc": 0.5407577655170355,
      "error_pr_auc": 0.23243385092974772,
      "best_error_f1": 0.37005117155938594,
      "best_error_precision": 0.23431105047748976,
      "best_error_recall": 0.8796414852752881,
      "best_threshold": -0.9999997615814209,
      "recall_at_trigger_0p05": 0.04225352112676056,
      "precision_at_trigger_0p05": 0.1864406779661017,
      "recall_at_trigger_0p1": 0.10115236875800256,
      "precision_at_trigger_0p1": 0.2237960339943343,
      "recall_at_trigger_0p2": 0.19718309859154928,
      "precision_at_trigger_0p2": 0.21843971631205675,
      "label_path": "dataset/math500_labeled_data_strict_hf_t2048.pt",
      "label_key": "label",
      "classifier": "logreg",
      "random_state": 55,
      "test_size": 0.2,
      "train_chunks": 14774,
      "test_chunks": 3525,
      "train_questions": 400,
      "test_questions": 100,
      "trigger_rates": [
        0.05,
        0.1,
        0.2
      ]
    },
    {
      "signal": "entropy_logreg",
      "feature_spec": "entropy",
      "model": "logreg",
      "feature_dim": 1,
      "error_roc_auc": 0.5438220697095374,
      "error_pr_auc": 0.24209304883781554,
      "best_error_f1": 0.373134328358209,
      "best_error_precision": 0.23792738808600636,
      "best_error_recall": 0.8642765685019206,
      "best_threshold": 0.4937469061663731,
      "recall_at_trigger_0p05": 0.05761843790012804,
      "precision_at_trigger_0p05": 0.2542372881355932,
      "recall_at_trigger_0p1": 0.10115236875800256,
      "precision_at_trigger_0p1": 0.2237960339943343,
      "recall_at_trigger_0p2": 0.2023047375160051,
      "precision_at_trigger_0p2": 0.22411347517730495,
      "label_path": "dataset/math500_labeled_data_strict_hf_t2048.pt",
      "label_key": "label",
      "classifier": "logreg",
      "random_state": 55,
      "test_size": 0.2,
      "train_chunks": 14774,
      "test_chunks": 3525,
      "train_questions": 400,
      "test_questions": 100,
      "trigger_rates": [
        0.05,
        0.1,
        0.2
      ]
    },
    {
      "signal": "top1_prob_logreg",
      "feature_spec": "top1_prob",
      "model": "logreg",
      "feature_dim": 1,
      "error_roc_auc": 0.5419987457210798,
      "error_pr_auc": 0.23584603734001297,
      "best_error_f1": 0.3704720087815587,
      "best_error_precision": 0.2357666783094656,
      "best_error_recall": 0.8642765685019206,
      "best_threshold": 0.4959440341941927,
      "recall_at_trigger_0p05": 0.04481434058898848,
      "precision_at_trigger_0p05": 0.1977401129943503,
      "recall_at_trigger_0p1": 0.0973111395646607,
      "precision_at_trigger_0p1": 0.21529745042492918,
      "recall_at_trigger_0p2": 0.1997439180537772,
      "precision_at_trigger_0p2": 0.22127659574468084,
      "label_path": "dataset/math500_labeled_data_strict_hf_t2048.pt",
      "label_key": "label",
      "classifier": "logreg",
      "random_state": 55,
      "test_size": 0.2,
      "train_chunks": 14774,
      "test_chunks": 3525,
      "train_questions": 400,
      "test_questions": 100,
      "trigger_rates": [
        0.05,
        0.1,
        0.2
      ]
    },
    {
      "signal": "margin_logreg",
      "feature_spec": "margin",
      "model": "logreg",
      "feature_dim": 1,
      "error_roc_auc": 0.5407577655170355,
      "error_pr_auc": 0.23243385092974772,
      "best_error_f1": 0.37005117155938594,
      "best_error_precision": 0.23431105047748976,
      "best_error_recall": 0.8796414852752881,
      "best_threshold": 0.4965547463782688,
      "recall_at_trigger_0p05": 0.04225352112676056,
      "precision_at_trigger_0p05": 0.1864406779661017,
      "recall_at_trigger_0p1": 0.10115236875800256,
      "precision_at_trigger_0p1": 0.2237960339943343,
      "recall_at_trigger_0p2": 0.19718309859154928,
      "precision_at_trigger_0p2": 0.21843971631205675,
      "label_path": "dataset/math500_labeled_data_strict_hf_t2048.pt",
      "label_key": "label",
      "classifier": "logreg",
      "random_state": 55,
      "test_size": 0.2,
      "train_chunks": 14774,
      "test_chunks": 3525,
      "train_questions": 400,
      "test_questions": 100,
      "trigger_rates": [
        0.05,
        0.1,
        0.2
      ]
    },
    {
      "signal": "entropy+top1_prob+margin_logreg",
      "feature_spec": "entropy+top1_prob+margin",
      "model": "logreg",
      "feature_dim": 3,
      "error_roc_auc": 0.5507108047169846,
      "error_pr_auc": 0.24973330927610232,
      "best_error_f1": 0.37320574162679426,
      "best_error_precision": 0.23917748917748918,
      "best_error_recall": 0.8489116517285531,
      "best_threshold": 0.49401773454134357,
      "recall_at_trigger_0p05": 0.06145966709346991,
      "precision_at_trigger_0p05": 0.2711864406779661,
      "recall_at_trigger_0p1": 0.11523687580025609,
      "precision_at_trigger_0p1": 0.254957507082153,
      "recall_at_trigger_0p2": 0.21638924455825864,
      "precision_at_trigger_0p2": 0.2397163120567376,
      "label_path": "dataset/math500_labeled_data_strict_hf_t2048.pt",
      "label_key": "label",
      "classifier": "logreg",
      "random_state": 55,
      "test_size": 0.2,
      "train_chunks": 14774,
      "test_chunks": 3525,
      "train_questions": 400,
      "test_questions": 100,