{
  "metadata": {
    "label_path": "dataset/svamp_labeled_training_data_strict_boxed.pt",
    "label_key": "label",
    "classifier": "logreg",
    "random_state": 55,
    "test_size": 0.2,
    "train_chunks": 2636,
    "test_chunks": 654,
    "train_questions": 160,
    "test_questions": 40,
    "trigger_rates": [
      0.05,
      0.1,
      0.2
    ]
  },
  "results": [
    {
      "signal": "entropy",
      "feature_spec": "final_entropy",
      "model": "raw_score",
      "feature_dim": 1,
      "error_roc_auc": 0.5704879542670478,
      "error_pr_auc": 0.33831659742036263,
      "best_error_f1": 0.397452229299363,
      "best_error_precision": 0.24880382775119617,
      "best_error_recall": 0.9873417721518988,
      "best_threshold": 2.7990467060590163e-05,
      "recall_at_trigger_0p05": 0.11392405063291139,
      "precision_at_trigger_0p05": 0.5454545454545454,
      "recall_at_trigger_0p1": 0.18354430379746836,
      "precision_at_trigger_0p1": 0.4393939393939394,
      "recall_at_trigger_0p2": 0.26582278481012656,
      "precision_at_trigger_0p2": 0.32061068702290074,
      "label_path": "dataset/svamp_labeled_training_data_strict_boxed.pt",
      "label_key": "label",
      "classifier": "logreg",
      "random_state": 55,
      "test_size": 0.2,
      "train_chunks": 2636,
      "test_chunks": 654,
      "train_questions": 160,
      "test_questions": 40,
      "trigger_rates": [
        0.05,
        0.1,
        0.2
      ]
    },
    {
      "signal": "neg_top1_prob",
      "feature_spec": "final_top1_prob",
      "model": "raw_score",
      "feature_dim": 1,
      "error_roc_auc": 0.5619257860351163,
      "error_pr_auc": 0.301379752540924,
      "best_error_f1": 0.3964868255959849,
      "best_error_precision": 0.24726134585289514,
      "best_error_recall": 1.0,
      "best_threshold": -0.9999992847442627,
      "recall_at_trigger_0p05": 0.0759493670886076,
      "precision_at_trigger_0p05": 0.36363636363636365,
      "recall_at_trigger_0p1": 0.1518987341772152,
      "precision_at_trigger_0p1": 0.36363636363636365,
      "recall_at_trigger_0p2": 0.26582278481012656,
      "precision_at_trigger_0p2": 0.32061068702290074,
      "label_path": "dataset/svamp_labeled_training_data_strict_boxed.pt",
      "label_key": "label",
      "classifier": "logreg",
      "random_state": 55,
      "test_size": 0.2,
      "train_chunks": 2636,
      "test_chunks": 654,
      "train_questions": 160,
      "test_questions": 40,
      "trigger_rates": [
        0.05,
        0.1,
        0.2
      ]
    },
    {
      "signal": "neg_margin",
      "feature_spec": "final_margin",
      "model": "raw_score",
      "feature_dim": 1,
      "error_roc_auc": 0.5578743875051041,
      "error_pr_auc": 0.2806248998676735,
      "best_error_f1": 0.3969849246231155,
      "best_error_precision": 0.2476489028213166,
      "best_error_recall": 1.0,
      "best_threshold": -0.9999989867210388,
      "recall_at_trigger_0p05": 0.056962025316455694,
      "precision_at_trigger_0p05": 0.2727272727272727,
      "recall_at_trigger_0p1": 0.12025316455696203,
      "precision_at_trigger_0p1": 0.2878787878787879,
      "recall_at_trigger_0p2": 0.2721518987341772,
      "precision_at_trigger_0p2": 0.3282442748091603,
      "label_path": "dataset/svamp_labeled_training_data_strict_boxed.pt",
      "label_key": "label",
      "classifier": "logreg",
      "random_state": 55,
      "test_size": 0.2,
      "train_chunks": 2636,
      "test_chunks": 654,
      "train_questions": 160,
      "test_questions": 40,
      "trigger_rates": [
        0.05,
        0.1,
        0.2
      ]
    },
    {
      "signal": "boundary_logreg",
      "feature_spec": "boundary",
      "model": "logreg",
      "feature_dim": 1536,
      "error_roc_auc": 0.8210494079216006,
      "error_pr_auc": 0.6991732651982905,
      "best_error_f1": 0.6308724832214765,
      "best_error_precision": 0.6714285714285714,
      "best_error_recall": 0.5949367088607594,
      "best_threshold": 0.6076399788735068,
      "recall_at_trigger_0p05": 0.2088607594936709,
      "precision_at_trigger_0p05": 1.0,
      "recall_at_trigger_0p1": 0.3670886075949367,
      "precision_at_trigger_0p1": 0.8787878787878788,
      "recall_at_trigger_0p2": 0.5632911392405063,
      "precision_at_trigger_0p2": 0.6793893129770993,
      "label_path": "dataset/svamp_labeled_training_data_strict_boxed.pt",
      "label_key": "label",
      "classifier": "logreg",
      "random_state": 55,
      "test_size": 0.2,
      "train_chunks": 2636,
      "test_chunks": 654,
      "train_questions": 160,
      "test_questions": 40,
      "trigger_rates": [
        0.05,
        0.1,
        0.2
      ]
    },
    {
      "signal": "mean_logreg",
      "feature_spec": "mean",
      "model": "logreg",
      "feature_dim": 1536,
      "error_roc_auc": 0.8408661698652511,
      "error_pr_auc": 0.7046558221299873,
      "best_error_f1": 0.64,
      "best_error_precision": 0.5833333333333334,
      "best_error_recall": 0.7088607594936709,
      "best_threshold": 0.064317718265608,
      "recall_at_trigger_0p05": 0.20253164556962025,
      "precision_at_trigger_0p05": 0.9696969696969697,
      "recall_at_trigger_0p1": 0.36075949367088606,
      "precision_at_trigger_0p1": 0.8636363636363636,
      "recall_at_trigger_0p2": 0.5759493670886076,
      "precision_at_trigger_0p2": 0.6946564885496184,
      "label_path": "dataset/svamp_labeled_training_data_strict_boxed.pt",
      "label_key": "label",
      "classifier": "logreg",
      "random_state": 55,
      "test_size": 0.2,
      "train_chunks": 2636,
      "test_chunks": 654,
      "train_questions": 160,
      "test_questions": 40,
      "trigger_rates": [
        0.05,
        0.1,
        0.2
      ]
    },
    {
      "signal": "boundary+mean_logreg",
      "feature_spec": "boundary+mean",
      "model": "logreg",
      "feature_dim": 3072,
      "error_roc_auc": 0.8614485504287465,
      "error_pr_auc": 0.7484883800874245,
      "best_error_f1": 0.6840390879478827,
      "best_error_precision": 0.7046979865771812,
      "best_error_recall": 0.6645569620253164,
      "best_threshold": 0.1410154941642832,
      "recall_at_trigger_0p05": 0.2088607594936709,
      "precision_at_trigger_0p05": 1.0,
      "recall_at_trigger_0p1": 0.36075949367088606,
      "precision_at_trigger_0p1": 0.8636363636363636,
      "recall_at_trigger_0p2": 0.5949367088607594,
      "precision_at_trigger_0p2": 0.7175572519083969,
      "label_path": "dataset/svamp_labeled_training_data_strict_boxed.pt",
      "label_key": "label",
      "classifier": "logreg",
      "random_state": 55,
      "test_size": 0.2,
      "train_chunks": 2636,
      "test_chunks": 654,
      "train_questions": 160,
      "test_questions": 40,
      "trigger_rates": [
        0.05,
        0.1,
        0.2
      ]
    }
  ]
}