{
  "label_path": "gsm8k_labeled_training_data_strict.pt",
  "feature_name": "mean_hidden_state",
  "metric": "cosine",
  "spike_std_scale": 2.0,
  "summary": {
    "num_questions": 500,
    "questions_with_error": 180,
    "drift_metric": {
      "global": {
        "count": 7107,
        "mean": 0.2133265269847632,
        "median": 0.1850045919418335,
        "std": 0.13628523642714388,
        "min": 0.010052323341369629,
        "max": 0.8161282688379288
      },
      "correct_prefix": {
        "count": 1481,
        "mean": 0.19281409543000066,
        "median": 0.16315430402755737,
        "std": 0.12213116879047088,
        "min": 0.010052323341369629,
        "max": 0.6461094915866852
      },
      "error_chunk": {
        "count": 239,
        "mean": 0.17125076841110964,
        "median": 0.1351950764656067,
        "std": 0.11498444515273791,
        "min": 0.012133777141571045,
        "max": 0.7095398008823395
      },
      "pre_error": {
        "count": 1197,
        "mean": 0.18291640836891773,
        "median": 0.15221142768859863,
        "std": 0.11634240388448648,
        "min": 0.010052323341369629,
        "max": 0.6186081171035767
      },
      "post_error": {
        "count": 350,
        "mean": 0.22743081416402544,
        "median": 0.21009770035743713,
        "std": 0.1327503130934087,
        "min": 0.034854352474212646,
        "max": 0.6461094915866852
      },
      "first_error_transition": {
        "count": 173,
        "mean": 0.16147331333573842,
        "median": 0.11919116973876953,
        "std": 0.11492875274601276,
        "min": 0.012133777141571045,
        "max": 0.7095398008823395
      }
    },
    "spike_analysis": {
      "global_spike_threshold": 0.485896999839051,
      "global_spike_count": 260,
      "first_error_spike_count": 3,
      "first_error_spike_rate": 0.017341040462427744,
      "rollback_anchor_counter": {
        "2": 9,
        "8": 6,
        "11": 5,
        "12": 2,
        "1": 2,
        "6": 2,
        "5": 2,
        "9": 2,
        "21": 1,
        "22": 1,
        "19": 1,
        "20": 1,
        "15": 1,
        "10": 1
      }
    },
    "top_max_drift_questions": [
      {
        "question_id": 46,
        "max_drift": 0.8161282688379288,
        "first_error_chunk_id": null,
        "question": "Carolyn practices the piano for 20 minutes a day and the violin for three times as long. If she practice six days a week, how many minutes does she spend practicing in a month with four weeks?"
      },
      {
        "question_id": 493,
        "max_drift": 0.8008481413125992,
        "first_error_chunk_id": null,
        "question": "Hally and her friends organized a high school reunion. To cover the cost of a late-night party that they planned for at the reunion, each attendee had to pay $100. After the party, Hally and her friends realized that the total expenses were $500 less than the total contributions. If there were 50 people at the party, how much money was used to pay for the party expenses?"
      },
      {
        "question_id": 476,
        "max_drift": 0.7940962761640549,
        "first_error_chunk_id": null,
        "question": "Joey wants to buy the latest released pair of designer High Jump basketball sneakers. He plans to mow 3 neighbors’ lawns for $8 a lawn, sell 2 collectible figures to his friends for $9 each, and work an after-school job for 10 hours at $5 per hour. If his earnings just cover the price of the High Jump sneakers, how much do the shoes cost?"
      },
      {
        "question_id": 325,
        "max_drift": 0.789625346660614,
        "first_error_chunk_id": null,
        "question": "Bob was creating a math test for an online platform.  He created 13 questions in the first hour.  Bob then doubled his rate for the second hour, and doubled his second hour rate for the third hour.  How many questions did Bob create in the three hours?"
      },
      {
        "question_id": 64,
        "max_drift": 0.7813142389059067,
        "first_error_chunk_id": null,
        "question": "James earns $20 an hour while working at his main job.  He earns 20% less while working his second job.  He works 30 hours at his main job and half that much at his second job.  How much does he earn per week?"
      },
      {
        "question_id": 51,
        "max_drift": 0.758971706032753,
        "first_error_chunk_id": null,
        "question": "Ann is cutting fabric to make curtains. She cuts a 4 foot by 6 foot rectangle for the living room, and a 2 foot by 4 foot rectangle for the bedroom. If the bolt of fabric is 16 feet by 12 feet, how much fabric is left in square feet?"
      },
      {
        "question_id": 39,
        "max_drift": 0.7489754259586334,
        "first_error_chunk_id": null,
        "question": "Anna goes trick-or-treating in a subdivision where she gets 14 pieces of candy per house. Her brother Billy goes trick-or-tricking in a neighboring subdivision where he gets 11 pieces of candy per house. If the first subdivision has 60 houses and the second subdivision has 75 houses, how many more pieces of candy does Anna get?"
      },
      {
        "question_id": 67,
        "max_drift": 0.7348339855670929,
        "first_error_chunk_id": null,
        "question": "Jesse and Mia are competing in a week long race. They have one week to run 30 miles. On the first three days Jesse averages (2/3) of a mile. On day four she runs 10 miles. Mia averages 3 miles a day over the first 4 days. What is the average of their average that they have to run over the final three days?"
      },
      {
        "question_id": 120,
        "max_drift": 0.7204324305057526,
        "first_error_chunk_id": null,
        "question": "Carrie works for $8 an hour and 35 hours a week at her job. It’s been a month since she started working there. She has saved up all of her money because she wants to buy a bike for $400. How much money will she have left over after she buys her bike?"
      },
      {
        "question_id": 115,
        "max_drift": 0.7095398008823395,
        "first_error_chunk_id": 13,
        "question": "There are some jelly beans in a jar. Three fourths of the jelly beans are red, and one quarter of the red jelly beans are coconut flavored. If 750 jelly beans are coconut flavored, how many jelly beans are there in the jar?"
      },
      {
        "question_id": 438,
        "max_drift": 0.6990130841732025,
        "first_error_chunk_id": null,
        "question": "While Greg was camping with his family for a week, it rained for 3 days. When he looked at the weather records, he saw that the amount of rain was 3 mm, 6 mm, and 5 mm on the three days. During the same week, it rained 26 mm at his house. How much less rain did Greg experience while camping?"
      },
      {
        "question_id": 489,
        "max_drift": 0.6809735596179962,
        "first_error_chunk_id": null,
        "question": "At a certain bookstore, the best-selling book, \"TOP,\" costs $8. The least-selling book, \"ABC,\" costs $23. Thirteen \"TOP\" books and four \"ABC\" books were sold last week. What is the difference in the bookstore's earnings on these two books last week?"
      },
      {
        "question_id": 129,
        "max_drift": 0.6804483234882355,
        "first_error_chunk_id": null,
        "question": "Dan owns an ice cream shop and every sixth customer gets a free ice cream cone. Cones cost $2 each. If he sold $100 worth of cones, how many free ones did he give away?"
      },
      {
        "question_id": 0,
        "max_drift": 0.675401359796524,
        "first_error_chunk_id": null,
        "question": "Natalia sold clips to 48 of her friends in April, and then she sold half as many clips in May. How many clips did Natalia sell altogether in April and May?"
      },
      {
        "question_id": 494,
        "max_drift": 0.6704562902450562,
        "first_error_chunk_id": null,